,universal
u,niversal
un,iversal
uni,versal
univ,ersal
unive,rsal
univer,sal
univers,al
universa,l
universal,
l,universa
ul,niversa
unl,iversa
unil,versa
univl,ersa
univel,rsa
univerl,sa
universl,a
univers,la
univer,sla
univer,als
univer,asl
univer,las
univer,lsa
unive,rlsa
unive,lrsa
unive,alsr
unive,lras
unive,slar
unive,alrs
unive,lars
unive,arls
unive,rlas
unive,rals
unive,arsl
unive,lsar
unive,rasl
unive,rsla
unive,lsra
unive,sarl
unive,asrl
unive,sral
unive,aslr
unive,srla
unive,salr
unive,lasr
unive,slra
univ,laser
uni,laersv
un,easivrl
univ,erasl
uni,slaevr
un,aevrsli
univ,alsre
uni,salevr
un,isvealr
univ,aelsr
uni,sarvle
un,iavlrse
univ,rlesa
uni,lvares
un,lsivear
univ,seral
uni,verals
un,rlaeivs
univ,lraes
uni,rsevla
un,variels
univ,rasle
uni,rlaevs
un,servlia
univ,aersl
uni,revsal
un,earvils
univ,alres
uni,elarsv
un,vlisare
univ,lsera
uni,vlrase
un,ireavls
univ,easrl
uni,realvs
un,srvaeil
univ,rslea
uni,ervsal
un,rsvelia
univ,searl
uni,selarv
un,lresvia
univ,resla
uni,easrvl
un,sveilra
univ,lears
uni,erlvsa
un,sleravi
univ,rsale
uni,seavlr
un,aslrevi
univ,arsle
uni,avslre
un,esrliav
univ,lares
uni,lasrve
un,erivasl
univ,easlr
uni,elsavr
un,eirlsva
univ,rlaes
uni,evlras
un,lvseria
univ,resal
uni,svaerl
un,reilsav
univ,slear
uni,slevra
un,erilvsa
univ,esarl
uni,sleavr
un,larsvei
univ,larse
uni,lrsvae
un,iavesrl
univ,rlsea
uni,asvler
un,eavrisl
univ,srale
uni,evrlas
un,rvsaeli
univ,srlea
uni,eavrsl
un,eirvsal
univ,arsel
uni,esravl
un,aelsriv
u,ivanrsel
u,rvnailse
u,snilerva
u,vlsenari
u,sievlanr
u,nersalvi
u,anilersv
u,sevlrani
u,ienlasvr
u,livrasen
u,leisvran
u,rnlvaeis
u,rlesinav
u,vnrsiael
u,risevnla
u,rilanvse
u,lseanirv
u,eviarlsn
u,nalveris
u,svalneir
u,avsernli
u,ielsanrv
u,rvansile
u,nilsvare
u,nasirvle
u,rnalsiev
u,inlseavr
u,aslnevri
u,vsieanlr
u,vlinsaer
u,invresal
u,alnsirev